title,id
Inception,27205 
Interstellar,157336
The Dark Knight,155
Avatar,19995
The Avengers,24428
Deadpool,293660
Avengers: Infinity War,299536
Fight Club,550
Guardians of the Galaxy,118340
Pulp Fiction,680
Forrest Gump,13
Harry Potter and the Philosopher's Stone,671
Iron Man,1726
Django Unchained,68718
The Shawshank Redemption,278
Avengers: Endgame,299534
The Matrix,603
Titanic,597
Joker,475557
The Lord of the Rings: The Fellowship of the Ring,120
The Lord of the Rings: The Return of the King,122
Shutter Island,11324
The Wolf of Wall Street,106646
Avengers: Age of Ultron,99861
Captain America: Civil War,271110
The Dark Knight Rises,49026
Iron Man 3,68721
Black Panther,284054
Doctor Strange,284052
Mad Max: Fury Road,76341
Inglourious Basterds,16869
Spider-Man: Homecoming,315635
Harry Potter and the Chamber of Secrets,672
Guardians of the Galaxy Vol. 2,283995
The Lord of the Rings: The Two Towers,121
Captain America: The First Avenger,1771
Suicide Squad,297761
Harry Potter and the Prisoner of Azkaban,673
Thor,10195
Iron Man 2,10138
Batman Begins,272
Thor: Ragnarok,284053
Jurassic World,135397
Se7en,807
Harry Potter and the Goblet of Fire,674
Pirates of the Caribbean: The Curse of the Black Pearl,22
Harry Potter and the Deathly Hallows: Part 2,12445
Star Wars,11
Wonder Woman,297762
Ant-Man,102899
The Godfather,238
The Martian,286217
Back to the Future,105
Star Wars: The Force Awakens,140607
Spider-Man: No Way Home,634649
Harry Potter and the Order of the Phoenix,675
Harry Potter and the Half-Blood Prince,767
Logan,263115
It,346364
John Wick,245891
Fantastic Beasts and Where to Find Them,259316
Harry Potter and the Deathly Hallows: Part 1,12444
Captain America: The Winter Soldier,100402
Spider-Man,557
Gone Girl,210577
The Hobbit: An Unexpected Journey,49051
The Revenant,281957
Batman v Superman: Dawn of Justice,209112
Gladiator,98
The Truman Show,37165
Arrival,329865
Parasite,496243
Thor: The Dark World,76338
The Amazing Spider-Man,1930
Split,381288
Deadpool 2,383498
The Shining,694
Kill Bill: Vol. 1,24
The Hunger Games: Catching Fire,101299
The Intouchables,77338
Get Out,419430
The Imitation Game,205596
Bohemian Rhapsody,424694
The Green Mile,497
The Maze Runner,198663
The Hangover,18785
The Empire Strikes Back,1891
Kingsman: The Secret Service,207703
La La Land,313369
Dunkirk,374720
Jurassic Park,329
The Silence of the Lambs,274
Beauty and the Beast,321612
Pirates of the Caribbean: Dead Man's Chest,58
Now You See Me,75656
The Hunger Games: Mockingjay - Part 1,131631
Venom,335983
The Prestige,1124
I Am Legend,6479
Saving Private Ryan,857
Captain Marvel,299537
Baby Driver,339403
Schindler's List,424
Return of the Jedi,1892
Spider-Man: Far From Home,429617
X-Men: Days of Future Past,127585
Ready Player One,333339
World War Z,72190
Catch Me If You Can,640
Star Wars: The Last Jedi,181808
Man of Steel,49521
Charlie and the Chocolate Factory,118
Whiplash,244786
The Departed,1422
The Grand Budapest Hotel,120467
Memento,77
Eternal Sunshine of the Spotless Mind,38
Léon: The Professional,101
Black Swan,44214
V for Vendetta,752
Star Wars: Episode I - The Phantom Menace,1893
Her,152601
Pirates of the Caribbean: At World's End,285
The Hobbit: The Battle of the Five Armies,122917
Reservoir Dogs,500
The Hateful Eight,273248
Alien,348
Sherlock Holmes,10528
Alice in Wonderland,12155
Pirates of the Caribbean: On Stranger Tides,1865
Spider-Man 3,559
A Quiet Place,447332
Aquaman,297802
Kill Bill: Vol. 2,393
Men in Black,607
Edge of Tomorrow,137113
300,1271
Blade Runner,78
Star Wars: Episode III - Revenge of the Sith,1895
Hacksaw Ridge,324786
Twilight,8966
Ant-Man and the Wasp,363088
Maleficent,102651
Life of Pi,87827
Ex Machina,264660
The Amazing Spider-Man 2,102382
Blade Runner 2049,335984
Star Wars: Episode II - Attack of the Clones,1894
Justice League,141052
The Hobbit: The Desolation of Smaug,57158
Once Upon a Time… in Hollywood,466272
Life Is Beautiful,637
X-Men: Apocalypse,246655
Birdman or (The Unexpected Virtue of Ignorance),194662
Divergent,157350
American Sniper,190859
Edward Scissorhands,162
John Wick: Chapter 2,324552
A Clockwork Orange,185
The Curious Case of Benjamin Button,4922
The Terminator,218
Back to the Future Part II,165
Terminator 2: Judgment Day,280
GoodFellas,769
Drive,64690
Pacific Rim,68726
The Hunger Games: Mockingjay - Part 2,131634
Donnie Darko,141
Ted,72105
The Great Gatsby,64682
Raiders of the Lost Ark,85
Me Before You,296096
1917,530915
Call Me by Your Name,398818
2012,14161
The Godfather Part II,240
American Beauty,14
Prometheus,70981
The Social Network,37799
Pirates of the Caribbean: Dead Men Tell No Tales,166426
Knives Out,546554
Good Will Hunting,489
Fifty Shades of Grey,216015
The Devil Wears Prada,350
Taxi Driver,103
Fury,228150
The Incredible Hulk,1724
Kick-Ass,23483
No Country for Old Men,6977
Rise of the Planet of the Apes,61791
Ocean's Eleven,161
The Sixth Sense,745
Amélie,194
Scarface,111
Prisoners,146233
American History X,73
The Conjuring,138843
The Fault in Our Stars,222935
The Notebook,11036
12 Years a Slave,76203
In Time,49530
Green Book,490132
Cast Away,8358
E.T. the Extra-Terrestrial,601
Taken,8681
Jurassic World: Fallen Kingdom,351286
The Big Lebowski,115
Dawn of the Planet of the Apes,119450
Dead Poets Society,207
Die Hard,562
The Matrix Reloaded,604
The Theory of Everything,266856
Nightcrawler,242582
Gran Torino,13223
Furious 7,168259
Casino Royale,36557
The Fifth Element,18
Slumdog Millionaire,12405
The Perks of Being a Wallflower,84892
Pan's Labyrinth,1417
Avatar: The Way of Water,76600
"The Chronicles of Narnia: The Lion, the Witch and the Wardrobe",411
American Psycho,1359
The Hangover Part II,45243
The Fate of the Furious,337339
John Wick: Chapter 3 - Parabellum,458156
Kong: Skull Island,293167
Men in Black 3,41154
Maze Runner: The Scorch Trials,294254
Full Metal Jacket,600
Birds of Prey (and the Fantabulous Emancipation of One Harley Quinn),495764
One Flew Over the Cuckoo's Nest,510
The Usual Suspects,629
Zodiac,1949
Kingsman: The Golden Circle,343668
Jaws,578
Night at the Museum,1593
Insurgent,262500
A Beautiful Mind,453
Aladdin,420817
Dune,438631
"Three Billboards Outside Ebbing, Missouri",359940
The Mask,854
Miss Peregrine's Home for Peculiar Children,283366
Troy,652
Braveheart,197
The Lion King,420818
Star Trek,13475
Indiana Jones and the Last Crusade,89
Black Widow,497698
Murder on the Orient Express,392044
Mission: Impossible - Ghost Protocol,56292
Zack Snyder's Justice League,791373
Venom: Let There Be Carnage,580489
Requiem for a Dream,641
The Pursuit of Happyness,1402
Godzilla vs. Kong,399566
Star Wars: The Rise of Skywalker,181812
Into the Wild,5915
Trainspotting,627
Hidden Figures,381284
Snowpiercer,110415
Sonic the Hedgehog,454626
Million Dollar Baby,70
The Greatest Showman,316029
Aliens,679
Tenet,577922
Jojo Rabbit,515001
District 9,17654
Room,264644
Home Alone 2: Lost in New York,772
The Twilight Saga: New Moon,18239
Star Trek Into Darkness,54138
The Batman,414906
xXx: Return of Xander Cage,47971
Cruella,337404
Indiana Jones and the Temple of Doom,87
Watchmen,13183
Shang-Chi and the Legend of the Ten Rings,566525
Alita: Battle Angel,399579
Godzilla,124905
The Pianist,423
The Mummy,564
Saw,176
Snatch,107
The Twilight Saga: Eclipse,24021
Mission: Impossible - Rogue Nation,177677
The Equalizer,156022
The King's Speech,45269
The Hangover Part III,109439
Mission: Impossible,954
San Andreas,254128
War for the Planet of the Apes,281338
It Chapter Two,474350
Dallas Buyers Club,152532
Doctor Strange in the Multiverse of Madness,453395
Jumanji: The Next Level,512200
Mean Girls,10625
Solo: A Star Wars Story,348350
Terminator Genisys,87101
Sicario,273481
Wonder Woman 1984,464052
Alien: Covenant,126889
Oldboy,670
After,537915
About Time,122906
"Crazy, Stupid, Love.",50646
The Conjuring 2,259693
Spotlight,314365
Shaun of the Dead,747
War of the Worlds,74
Top Gun,744
The Suicide Squad,436969
Twelve Monkeys,63
Free Guy,550988
Indiana Jones and the Kingdom of the Crystal Skull,217
Transformers: Age of Extinction,91314
Real Steel,39254
Bad Boys for Life,38700
Top Gun: Maverick,361743
Baywatch,339846
Sin City,187
Mission: Impossible - Fallout,353081
Fifty Shades Freed,337167
Snow White and the Huntsman,58595
Eternals,524434
Apocalypse Now,28
The Breakfast Club,2108
Chappie,198184
Wonder,406997
Friends with Benefits,50544
Pride & Prejudice,4348
10 Things I Hate About You,4951
Pretty Woman,114
Focus,256591
Armageddon,95
King Kong,254
The Cabin in the Woods,22970
Fargo,275
Predator,106
Fifty Shades Darker,341174
Groundhog Day,137
The Exorcist,9552
The Expendables,27578
Scott Pilgrim vs. the World,22538
Batman,268
Maze Runner: The Death Cure,336843
Rocky,1366
American Pie,2105
The Meg,345940
Ford v Ferrari,359724
Percy Jackson & the Olympians: The Lightning Thief,32657
Creed,312221
Hot Fuzz,4638
The Kissing Booth,454983
Ted 2,214756
The Butterfly Effect,1954
Hereditary,493922
Midnight in Paris,59436
Grease,621
City of God,598
Big Fish,587
Train to Busan,396535
8 Mile,65
How the Grinch Stole Christmas,8871
Cinderella,150689
F9,385128
TRON: Legacy,20526
Superbad,8363
Fast & Furious Presents: Hobbs & Shaw,384018
Rush,96721
Tomorrowland,158852
Heat,949
The Boy in the Striped Pyjamas,14574
Constantine,561
Thor: Love and Thunder,616037
Little Miss Sunshine,773
Children of Men,9693
Marriage Story,492188
The Mummy Returns,1734
Brokeback Mountain,142
Captain Phillips,109424
Teenage Mutant Ninja Turtles,98566
Scary Movie,4247
Warcraft,68735
Hansel & Gretel: Witch Hunters,60304
Insidious,49018
The Last Samurai,616
The Expendables 2,76163
Mulan,337401
The Thing,1091
Star Trek Beyond,188927
Olympus Has Fallen,117263
Nobody,615457
The Irishman,398978
Taken 2,82675
Lion,334543
The Proposal,18240
Mission: Impossible III,956
Scream,4232
Mission: Impossible II,955
28 Days Later,170
Terminator 3: Rise of the Machines,296
The Nun,439079
"Lock, Stock and Two Smoking Barrels",100
300: Rise of an Empire,53182
A Good Day to Die Hard,47964
The Purge: Anarchy,238636
Alice Through the Looking Glass,241259
Terminator Salvation,534
There Will Be Blood,7345
Ghostbusters,43074
The Game,2649
This Is the End,109414
Dark Phoenix,320288
"Love, Rosie",200727
The Others,1933
The Chronicles of Narnia: Prince Caspian,2454
It Follows,270303
The Blind Side,22881
Project X,57214
Clash of the Titans,18823
Prey,766507
Rain Man,380
Gattaca,782
Annabelle,250546
Transformers: The Last Knight,335988
Little Women,331482
Maleficent: Mistress of Evil,420809
First Blood,1368
Fantastic Four,166424
The Book of Eli,20504
The Godfather Part III,242
Dumb and Dumber,8467
Die Hard: With a Vengeance,1572
Grown Ups,38365
Eyes Wide Shut,345
The Karate Kid,38575
Extraction,545609
Mr. Nobody,31011
The Danish Girl,306819
No Time to Die,370172
Night at the Museum: Secret of the Tomb,181533
Godzilla: King of the Monsters,373571
Ghost Rider,1250
Black Panther: Wakanda Forever,505642
Black Adam,436270
Blade,36647
Moonrise Kingdom,83666
Mortal Kombat,460465
Van Helsing,7131
Hulk,1927
The Interview,228967
Taken 3,260346
Monty Python and the Holy Grail,762
Die Hard 2,1573
Casino,524
Jurassic World Dominion,507086
John Carter,49529
Everything Everywhere All at Once,545611
Black Hawk Down,855
Jungle Cruise,451048
The Untouchables,117
Red Notice,512195
The Italian Job,9654
The Gentlemen,522627
Barbie,346698
Uncharted,335787
The Matrix Resurrections,624860
Creed II,480530
Halloween,948
Guardians of the Galaxy Vol. 3,447365
American Gangster,4982
Bullet Train,718930
Batman Forever,414
Law Abiding Citizen,22803
The Expendables 3,138103
RoboCop,5548
Glass Onion: A Knives Out Mystery,661374
Pacific Rim: Uprising,268896
War Dogs,308266
Ferris Bueller's Day Off,9377
L.A. Confidential,2118
Geostorm,274855
White House Down,117251
Shooter,7485
No Strings Attached,41630
Rush Hour,2109
I Am Number Four,46529
The Predator,346910
Zoolander,9398
Platoon,792
Scooby-Doo,9637
Need for Speed,136797
Ant-Man and the Wasp: Quantumania,640146
Life of Brian,583
The King's Man,476669
Ghostbusters: Afterlife,425909
The Blues Brothers,525
The Hunt,103663
The Menu,593643
White Chicks,12153
You Don't Mess with the Zohan,10661
The Deer Hunter,11778
Transformers: Rise of the Beasts,667538
Nope,762504
Natural Born Killers,241
The Whale,785084
Babylon,615777
Beautiful Boy,451915
Das Boot,387
Sex and the City,4564
Tombstone,11969
A Man Called Otto,937278
Samaritan,629176
The Royal Tenenbaums,9428
The French Dispatch,542178
Life Aquatic,421
Goal!,9763